Package Name,Number of Words in source code,Number of lines in source code,plus ratio mean,plus ratio max,plus ratio std,plus ratio q3,eq ratio mean,eq ratio max,eq ratio std,eq ratio q3,bracket ratio mean,bracket ratio max,bracket ratio std,bracket ratio q3,Number of base64 chunks in source code,Number of IP adress in source code,Number of sospicious token in source code,Number of Words in metadata,Number of lines in metadata,Number of base64 chunks in metadata,Number of IP adress in metadata,Number of sospicious token in metadata,.bat,.bz2,.c,.cert,.conf,.cpp,.crt,.css,.csv,.deb,.erb,.gemspec,.gif,.gz,.h,.html,.ico,.ini,.jar,.java,.jpg,.js,.json,.key,.m4v,.markdown,.md,.pdf,.pem,.png,.ps,.py,.rb,.rpm,.rst,.sh,.svg,.toml,.ttf,.txt,.xml,.yaml,.yml,.eot,.exe,.jpeg,.properties,.sql,.swf,.tar,.woff,.woff2,.aac,.bmp,.cfg,.dcm,.dll,.doc,.flac,.flv,.ipynb,.m4a,.mid,.mkv,.mp3,.mp4,.mpg,.ogg,.otf,.pickle,.pkl,.psd,.pxd,.pxi,.pyc,.pyx,.r,.rtf,.so,.sqlite,.tif,.tp,.wav,.webp,.whl,.xcf,.xz,.zip,.mov,.wasm,.webm,repository,presence of installation script,shannon mean ID source code,shannon std ID source code,shannon max ID source code,shannon q3 ID source code,shannon mean string source code,shannon std string source code,shannon max string source code,shannon q3 string source code,homogeneous identifiers in source code,homogeneous strings in source code,heteregeneous identifiers in source code,heterogeneous strings in source code,URLs in source code,shannon mean ID metadata,shannon std ID metadata,shannon max ID metadata,shannon q3 ID metadata,shannon mean string metadata,shannon std string metadata,shannon max string metadata,shannon q3 string metadata,homogeneous identifiers in metadata,homogeneous strings in metadata,heterogeneous strings in metadata,URLs in metadata,heteregeneous identifiers in metadata
5minds-processcube_engine_sdk-4.0.3,50898.0,12655.0,0.0,0.0,0.0,0.0,0.0052045274209653975,0.02316857899382171,0.004068491096770042,0.007858556293028816,0.0022871906732728877,0.022506619593998235,0.002797257612402931,0.003423284820833849,6.0,0.0,10.0,131,51,1,0,4,0,0,0,0,0,0.0,0,0.0,0,0,0,0,0,0.0,0.0,0.0,0.0,0,0,0,0.0,428.0,1.0,0,0,0,1.0,0,0,0.0,0,0,0,0,0,0.0,0.0,0,0,0.0,0.0,0.0,0.0,0,0.0,0,0,0,0,0,0,0,0,0,0,0,0,0,0,0,0,0,0,0,0,0,0,0,0,0,0,0,0,0,0,0,0,0,0,0,0,0,0,0,0,0,0,0.0,0,0,0,1,0,0.23278998166559656,0.19940814606189974,0.8962406251802889,0.35509379530627055,0.2386569226331921,0.2473472403891837,0.7295739585136224,0.4969486319682114,8712,2050,2102,0,0,0.07646802502675389,0.11972775799379712,0.3420192178195208,0.1726623504096088,0.2857684912098661,0.2337817537509494,0.792481250360578,0.4926140680171258,27,27,19,4,0
agoric-assert-0.6.1-u11wf.0,2135.0,453.0,0.0,0.0,0.0,0.0,0.0008888888888888888,0.0026666666666666666,0.0015396007178390021,0.0013333333333333333,0.0003333333333333333,0.001,0.0005773502691896258,0.0005,0.0,0.0,0.0,95,47,0,0,3,0,0,0,0,0,0.0,0,0.0,0,0,0,0,0,0.0,0.0,0.0,0.0,0,0,0,0.0,3.0,1.0,0,0,0,3.0,0,0,0.0,0,0,0,0,0,0.0,0.0,0,0,0.0,0.0,0.0,0.0,0,0.0,0,0,0,0,0,0,0,0,0,0,0,0,0,0,0,0,0,0,0,0,0,0,0,0,0,0,0,0,0,0,0,0,0,0,0,0,0,0,0,0,0,0,0.0,0,0,0,1,0,0.08971763453596318,0.13510065479502228,0.4056390622295664,0.20690842515181687,0.12946378173800105,0.1801262873932037,0.5,0.32378421228819154,41,22,0,0,0,0.07258590652519815,0.11953397726132595,0.36096404744368116,0.18141519608668996,0.2450293763807664,0.2487655942511785,0.8804820237218406,0.439908290960781,23,18,5,4,0
agoric-deploy-script-support-0.10.4-u14.1,5413.0,1634.0,4.639079606606049e-05,0.0007886435331230284,0.00019127415223685565,0.0,0.00474025352444575,0.009115281501340482,0.0025930385563393645,0.006666666666666667,0.0010551112551798216,0.0033472803347280333,0.0010374709010283877,0.001834862385321101,6.0,0.0,3.0,138,72,0,0,3,0,0,0,0,0,0.0,0,0.0,0,0,0,0,0,0.0,0.0,0.0,0.0,0,0,0,0.0,17.0,1.0,0,0,0,3.0,0,0,0.0,0,0,0,0,0,0.0,0.0,0,0,0.0,0.0,0.0,0.0,0,0.0,0,0,0,0,0,0,0,0,0,0,0,0,0,0,0,0,0,0,0,0,0,0,0,0,0,0,0,0,0,0,0,0,0,0,0,0,0,0,0,0,0,0,0.0,0,0,0,1,0,0.13239437110995297,0.14424207719582569,0.6919038677320415,0.25162916738782287,0.1320157860506576,0.19358504931689832,0.792481250360578,0.2717822215997982,905,315,1,9,2,0.14909466094116833,0.1660670381137982,0.6258145836939114,0.29583638929116374,0.3060822927370778,0.26810246592936704,0.8804820237218406,0.4955380299191111,26,23,20,4,1
agoric-ertp-0.16.3-u14.0,11994.0,2625.0,5.238070294903357e-05,0.0008904719501335708,0.0002159711710029679,0.0,0.0027053910483117783,0.006396588486140725,0.0018064337471725934,0.0037641154328732747,0.0002912337073329191,0.0016313213703099511,0.0005594340517711557,0.00022593764121102577,1.0,0.0,0.0,186,83,0,0,3,0,0,0,0,0,0.0,0,0.0,0,0,0,0,0,0.0,0.0,0.0,0.0,0,0,0,0.0,17.0,1.0,0,0,0,3.0,0,0,0.0,0,0,0,0,0,0.0,0.0,0,0,0.0,0.0,0.0,0.0,0,0.0,0,0,0,0,0,0,0,0,0,0,0,0,0,0,0,0,0,0,0,0,0,0,0,0,0,0,0,0,0,0,0,0,0,0,0,0,0,0,0,0,0,0,0.0,0,0,0,1,0,0.1561492636542946,0.14987892540299916,0.4926140680171258,0.2717822215997982,0.13366478608411284,0.1807455328226676,0.5474571592060488,0.29583638929116374,741,181,0,0,0,0.13223835652184243,0.16140218445840238,0.5744174271404584,0.29583638929116374,0.2588491044047603,0.2448843450056887,0.8804820237218406,0.4854752972273343,31,43,18,4,1
agoric-internal-0.4.0-u14.0,8528.0,2277.0,2.9476145422197454e-05,0.0005768676088837611,0.0001232089467812624,0.0,0.00619415655295416,0.019762845849802372,0.004441193382492424,0.007663478012564249,0.0010062136137190193,0.004411764705882353,0.0013093027734210128,0.0012469657167558938,1.0,0.0,0.0,103,46,0,0,0,0,0,0,0,0,0.0,0,0.0,0,0,0,0,0,0.0,0.0,0.0,0.0,0,0,0,0.0,22.0,1.0,0,0,0,2.0,0,0,0.0,0,0,0,0,0,0.0,0.0,0,0,0.0,0.0,0.0,0.0,0,0.0,0,0,0,0,0,0,0,0,0,0,0,0,0,0,0,0,0,0,0,0,0,0,0,0,0,0,0,0,0,0,0,0,0,0,0,0,0,0,0,0,0,0,0.0,0,0,0,1,0,0.10217008179314403,0.13994971586422217,0.6854752972273344,0.2344977967946406,0.10295585252558324,0.15384645647116854,0.7403410574831923,0.2344977967946406,1386,226,1,0,0,0.12292372287203224,0.14554228196172067,0.38210225325431013,0.2717822215997982,0.2841956241913795,0.23949291303184816,0.8804820237218406,0.48725998992478214,21,17,14,0,0
agoric-notifier-0.6.3-u14.0,8781.0,2190.0,1.280829795872896e-05,0.00010862480990658266,3.3397239600094504e-05,0.0,0.0023553761158332286,0.005796691644281069,0.002122946272194962,0.003922603688349994,0.00016389256973478594,0.0010862480990658267,0.0003027535326054709,0.00023815799287209107,0.0,0.0,0.0,170,74,0,0,3,0,0,0,0,0,0.0,0,0.0,0,0,0,0,0,0.0,0.0,0.0,0.0,0,0,0,0.0,14.0,1.0,0,0,0,3.0,0,0,0.0,0,0,0,0,0,0.0,0.0,0,0,0.0,0.0,0.0,0.0,0,0.0,0,0,0,0,0,0,0,0,0,0,0,0,0,0,0,0,0,0,0,0,0,0,0,0,0,0,0,0,0,0,0,0,0,0,0,0,0,0,0,0,0,0,0.0,0,0,0,1,0,0.1355156493907164,0.14475841949337126,0.4591479170272448,0.2717822215997982,0.19106506445034127,0.1691673983717835,0.45805910688914797,0.3481061300625729,684,65,0,0,0,0.1408998369140118,0.17413574006309304,0.5744174271404584,0.3026492115914411,0.27152149621526056,0.2502217635120447,0.8804820237218406,0.4854752972273343,31,36,17,4,1
agoric-store-0.9.3-u14.0,4988.0,1188.0,0.0,0.0,0.0,0.0,0.002978762487378838,0.006017846026146504,0.0023098621546697464,0.004363011610384723,0.0001828927692623452,0.0008343066911396629,0.00028022933720412086,0.0003147362409246432,2.0,0.0,0.0,114,60,0,0,3,0,0,0,0,0,0.0,0,0.0,0,0,0,0,0,0.0,0.0,0.0,0.0,0,0,0,0.0,10.0,1.0,0,0,0,3.0,0,0,0.0,0,0,0,0,0,0.0,0.0,0,0,0.0,0.0,0.0,0.0,0,0.0,0,0,0,0,0,0,0,0,0,0,0,0,0,0,0,0,0,0,0,0,0,0,0,0,0,0,0,0,0,0,0,0,0,0,0,0,0,0,0,0,0,0,0.0,0,0,0,1,0,0.14112723611841513,0.16398542656704643,0.5,0.29583638929116374,0.16571668556949792,0.1934741983435114,0.5478976275004669,0.32501121082417705,485,69,0,0,0,0.10336145906737794,0.14322288153019413,0.3896749186460426,0.2624611153985088,0.32944572088692275,0.2467183430493539,0.8804820237218406,0.4887089087640858,27,13,11,4,0
agoric-swingset-vat-0.32.3-u14.0,82121.0,21304.0,6.653374680573662e-05,0.0030547070258261596,0.00030963251313868037,0.0,0.0032614664281333874,0.011049723756906077,0.002207270052236578,0.004623147264365161,0.000799434112732846,0.005626758361988122,0.0012059581361441658,0.0011479856839293934,4.0,0.0,3.0,186,96,0,0,3,0,0,0,0,0,0.0,0,0.0,0,0,0,0,0,0.0,0.0,0.0,0.0,0,0,0,0.0,111.0,1.0,0,0,0,2.0,0,0,0.0,0,0,0,0,0,0.0,0.0,0,0,0.0,0.0,0.0,0.0,0,0.0,0,0,0,0,0,0,0,0,0,0,0,0,0,0,0,0,0,0,0,0,0,0,0,0,0,0,0,0,0,0,0,0,0,0,0,0,0,0,0,0,0,0,0.0,0,0,0,1,0,0.14208049291097435,0.16054726367140038,0.7295739585136223,0.2717822215997982,0.12956642112350708,0.1853275656222905,0.792481250360578,0.2717822215997982,12172,2526,3,16,4,0.16647652316171205,0.16261210786236777,0.6258145836939114,0.3096910973393819,0.38245398266057007,0.2319969586272656,0.8804820237218406,0.5,34,17,36,3,3
agoric-time-0.3.3-u14.0,1274.0,297.0,7.79635910030016e-05,0.0002338907730090048,0.00013503690075771858,0.0001169453865045024,0.005240331834800591,0.011627906976744186,0.005898235377576275,0.007860497752200886,0.0,0.0,0.0,0.0,0.0,0.0,0.0,102,51,0,0,3,0,0,0,0,0,0.0,0,0.0,0,0,0,0,0,0.0,0.0,0.0,0.0,0,0,0,0.0,3.0,1.0,0,0,0,2.0,0,0,0.0,0,0,0,0,0,0.0,0.0,0,0,0.0,0.0,0.0,0.0,0,0.0,0,0,0,0,0,0,0,0,0,0,0,0,0,0,0,0,0,0,0,0,0,0,0,0,0,0,0,0,0,0,0,0,0,0,0,0,0,0,0,0,0,0,0.0,0,0,0,1,0,0.21210934062788575,0.16574033782432301,0.5,0.33328917899746024,0.17257389586408578,0.19973518069139257,0.543156420370644,0.329263212573013,122,13,0,0,0,0.09501941056515857,0.13967824022740516,0.38210225325431013,0.22343581929422768,0.2869123877558741,0.2577089658749449,0.8804820237218406,0.46572976207726713,24,17,9,4,0
agoric-vat-data-0.5.3-u14.0,3465.0,1000.0,0.0,0.0,0.0,0.0,0.003524617108026187,0.006133401482238692,0.00191023233086463,0.005037783375314861,1.429633441985475e-05,0.00012866700977869275,4.288900325956425e-05,0.0,5.0,0.0,0.0,81,38,0,0,1,0,0,0,0,0,0.0,0,0.0,0,0,0,0,0,0.0,0.0,0.0,0.0,0,0,0,0.0,9.0,2.0,0,0,0,2.0,0,0,0.0,0,0,0,0,0,0.0,0.0,0,0,0.0,0.0,0.0,0.0,0,0.0,0,0,0,0,0,0,0,0,0,0,0,0,0,0,0,0,0,0,0,0,0,0,0,0,0,0,0,0,0,0,0,0,0,0,0,0,0,0,0,0,0,0,0.0,0,0,0,1,0,0.11674115491012241,0.14730033821123603,0.44064544961534635,0.2612796872684704,0.16417391567256792,0.21718904691024107,0.692215752170299,0.4056390622295664,554,200,0,21,0,0.11118225895135045,0.1522608948345742,0.5744174271404584,0.2531400091972194,0.3196353380777877,0.2715793768423448,0.8804820237218406,0.4955380299191111,19,12,9,1,1
agoric-vats-0.15.2-u14.1,30079.0,9607.0,3.210847704686299e-05,0.001218026796589525,0.0001697124868316881,0.0,0.003879776205946119,0.011433077074709246,0.002040271895242791,0.005208985289923617,0.0009998851749335957,0.00823045267489712,0.0014311388045697554,0.0014376961185752163,2.0,0.0,0.0,232,93,0,0,1,0,0,0,0,0,0.0,0,0.0,0,0,0,0,0,0.0,0.0,0.0,0.0,0,0,0,0.0,58.0,10.0,0,0,0,2.0,0,0,0.0,0,0,0,0,0,0.0,0.0,0,0,0.0,0.0,0.0,0.0,0,0.0,0,0,0,0,0,0,0,0,0,0,0,0,0,0,0,0,0,0,0,0,0,0,0,0,0,0,0,0,0,0,0,0,0,0,0,0,0,0,0,0,0,0,0.0,0,0,0,1,0,0.1345677914376169,0.15094119492715657,0.7295739585136223,0.2612796872684704,0.16303797536808184,0.1806078734235952,0.7623196590167187,0.32501121082417705,5786,755,8,12,0,0.2003727102703504,0.152062857766288,0.5744174271404584,0.3146246119280173,0.349766864708099,0.24359906537972723,0.8804820237218406,0.5,25,36,37,2,1
agoric-zoe-0.26.3-u14.0,51540.0,14552.0,3.0258849853728136e-05,0.0028149190710767065,0.00027335497764653443,0.0,0.003419710342951606,0.010256410256410256,0.0021671381089161325,0.004948794576176072,0.00035670135025950983,0.002838221381267739,0.0005814277893830807,0.0005708935869203393,8.0,0.0,5.0,266,130,0,0,3,0,0,0,0,0,0.0,0,0.0,0,0,0,0,0,0.0,0.0,0.0,0.0,0,0,0,0.0,107.0,2.0,0,0,0,3.0,0,0,0.0,0,0,0,0,0,0.0,0.0,0,0,0.0,0.0,0.0,0.0,0,0.0,0,0,0,0,0,0,0,0,0,0,0,0,0,0,0,0,0,0,0,0,0,0,0,0,0,0,0,0,0,0,0,0,0,0,0,0,0,0,0,0,0,0,0.0,0,0,0,1,0,0.16394938251310032,0.1465488393231927,0.6919038677320415,0.2717822215997982,0.1476036621949723,0.18342251749817914,0.792481250360578,0.3096910973393819,5824,1396,0,3,1,0.1628891006939318,0.16328518666688344,0.5744174271404584,0.3096910973393819,0.30880164624065537,0.2280646000279826,0.8804820237218406,0.4854752972273343,31,50,26,4,1
applicaster-applicaster-types-9.2.10,0.0,0.0,0.0,0.0,0.0,0.0,0.0,0.0,0.0,0.0,0.0,0.0,0.0,0.0,0.0,0.0,0.0,32,14,0,0,0,0,0,0,0,0,0.0,0,0.0,0,0,0,0,0,0.0,0.0,0.0,0.0,0,0,0,0.0,0.0,2.0,0,0,0,1.0,0,0,0.0,0,0,0,0,0,0.0,0.0,0,0,0.0,0.0,0.0,0.0,0,0.0,0,0,0,0,0,0,0,0,0,0,0,0,0,0,0,0,0,0,0,0,0,0,0,0,0,0,0,0,0,0,0,0,0,0,0,0,0,0,0,0,0,0,0.0,0,0,0,1,0,0.0,0.0,0.0,0.0,0.0,0.0,0.0,0.0,0,0,0,0,0,0.02689421720828761,0.08504698226548392,0.29583638929116374,-0.0,0.19103968682502864,0.218645028470248,0.6893917467430878,0.3386685909827104,10,7,1,0,0
applicaster-zapp-react-native-bridge-9.2.10,2415.0,920.0,0.0,0.0,0.0,0.0,0.004074437069570307,0.006896551724137931,0.0013291498686083141,0.004660960981315314,0.0006616525339700008,0.003146774556080018,0.0010400439567971322,0.000964131636805504,0.0,0.0,0.0,86,46,0,0,3,0,0,0,0,0,0.0,0,0.0,0,0,0,0,0,0.0,0.0,0.0,0.0,0,0,0,0.0,11.0,2.0,0,0,0,2.0,0,0,0.0,0,0,0,0,0,0.0,0.0,0,0,0.0,0.0,0.0,0.0,0,0.0,0,0,0,0,0,0,0,0,0,0,0,0,0,0,0,0,0,0,0,0,0,0,0,0,0,0,0,0,0,0,0,0,0,0,0,0,0,0,0,0,0,0,0.0,0,0,0,1,0,0.15348585468560386,0.14369273961756715,0.4591479170272448,0.2873178489188397,0.09528171518114704,0.1634547454644654,0.6673395705257973,0.19562178181462783,420,211,0,1,0,0.07918349951871315,0.13652350216588072,0.4591479170272448,0.16864503330850694,0.2332455287912366,0.21458280248300185,0.75,0.4056390622295664,21,16,8,3,0
applicaster-zapp-react-native-redux-9.2.10,6705.0,2436.0,0.0,0.0,0.0,0.0,0.0048022668996248715,0.010526315789473684,0.0027030328126358355,0.006530311474470215,0.002117173297272916,0.013358778625954198,0.0032674985415116053,0.0026546033731645055,1.0,0.0,1.0,99,48,0,0,3,0,0,0,0,0,0.0,0,0.0,0,0,0,0,0,0.0,0.0,0.0,0.0,0,0,0,0.0,24.0,7.0,0,0,0,2.0,0,0,0.0,0,0,0,0,0,0.0,0.0,0,0,0.0,0.0,0.0,0.0,0,0.0,0,0,0,0,0,0,0,0,0,0,0,0,0,0,0,0,0,0,0,0,0,0,0,0,0,0,0,0,0,0,0,0,0,0,0,0,0,0,0,0,0,0,0.0,0,0,0,1,0,0.12748796862462847,0.14624059071854575,0.6854752972273344,0.2717822215997982,0.07231097125852877,0.15684464520752378,0.7427376486136672,0.0,1548,869,8,22,1,0.09644595266766783,0.12844486432822388,0.4011121652420985,0.21653847638352175,0.27337730237049773,0.2231391572279888,0.75,0.4926140680171258,21,16,13,3,1
applicaster-zapp-react-native-ui-components-9.2.10,22969.0,9427.0,9.989706160923702e-05,0.007882882882882882,0.0007160252564756046,0.0,0.005111695083432349,0.031746031746031744,0.004196473062963966,0.007439645771397689,0.0013407387545819078,0.007220216606498195,0.001946345708269032,0.002448454578312162,27.0,0.0,39.0,110,54,0,0,3,0,0,0,0,0,0.0,0,0.0,0,0,0,0,0,0.0,0.0,0.0,0.0,0,0,0,0.0,148.0,3.0,0,0,0,4.0,0,0,0.0,0,0,0,0,0,0.0,0.0,0,0,0.0,0.0,0.0,0.0,0,0.0,0,0,0,0,0,0,0,0,0,0,0,0,0,0,0,0,0,0,0,0,0,0,0,0,0,0,0,0,0,0,0,0,0,0,0,0,0,0,0,0,0,0,0.0,0,0,0,1,0,0.1425432793945326,0.14636680985625405,0.5744174271404584,0.2717822215997982,0.12432759801869678,0.1964142518150652,0.9115339911368305,0.25162916738782287,5020,1971,2,91,19,0.10591342562732244,0.1305184081828637,0.32501121082417705,0.2572563009863774,0.2669473156532359,0.21540735524043422,0.75,0.4591479170272448,23,16,13,3,0
applicaster-zapp-react-native-utils-9.2.10,58047.0,23067.0,0.00011156741520976266,0.0125,0.001123646920060891,0.0,0.00423011196297373,0.017543859649122806,0.003146654338046727,0.0062206972561458474,0.0009301918177397165,0.006033953773777869,0.0012279284724142033,0.001574441649229761,34.0,0.0,32.0,103,51,0,0,3,0,0,0,0,0,0.0,0,0.0,0,0,0,0,0,0.0,0.0,0.0,0.0,0,0,0,1.0,124.0,19.0,0,0,0,4.0,0,0,0.0,0,0,0,0,0,0.0,0.0,0,0,0.0,0.0,0.0,0.0,0,0.0,0,0,0,0,0,0,0,0,0,0,0,0,0,0,0,0,0,0,0,0,0,0,0,0,0,0,0,0,0,0,0,0,0,0,0,0,0,0,0,0,0,0,0.0,0,0,0,1,0,0.10863366691204122,0.1376383033932709,0.6258145836939114,0.2344977967946406,0.12188586799590558,0.18492267771413798,0.9690401365337638,0.28325475327645266,13292,6475,9,302,31,0.08682771514555838,0.12336491882310094,0.4011121652420985,0.20690842515181687,0.264649362531977,0.23566588749913442,0.7887031414261726,0.4726997303536731,24,18,15,3,1
buefy-0.9.29,416798.0,134698.0,0.00020515814157421726,0.00404040404040404,0.00040833281213615,0.00028012876473690915,0.005084790066256419,0.021367521367521368,0.00281206571365994,0.006445923700070844,0.0016892643852775917,0.010848126232741617,0.001485623351219277,0.0023701921648013793,189.0,0.0,8.0,400,164,3,0,3,0,0,0,0,0,0.0,0,2.0,0,0,0,0,0,0.0,0.0,0.0,0.0,0,0,0,0.0,382.0,3.0,0,0,0,1.0,0,0,0.0,0,0,0,0,0,0.0,0.0,0,0,0.0,0.0,0.0,0.0,0,0.0,0,0,0,0,0,0,0,0,0,0,0,0,0,0,0,0,0,0,0,0,0,0,0,0,0,0,0,0,0,0,0,0,0,0,0,0,0,0,0,0,0,0,0.0,0,0,0,1,0,0.15863112395111745,0.18128896792484783,0.8322488896002308,0.29583638929116374,0.1929383953299182,0.2155779206666024,0.8960975968412324,0.3049201523582002,191295,15622,5235,2893,38,0.13930645985496581,0.129858345422681,0.5,0.23585235054799653,0.2726585233003071,0.22102875746432651,0.7883106100537456,0.4854752972273343,58,83,78,3,1
bun-1.1.2,1595.0,445.0,0.00027624309392265195,0.00027624309392265195,0.0,0.00027624309392265195,0.0046270718232044195,0.0046270718232044195,0.0,0.0046270718232044195,0.0009668508287292818,0.0009668508287292818,0.0,0.0009668508287292818,2.0,0.0,4.0,76,45,0,0,3,0,0,0,0,0,0.0,0,0.0,0,0,0,0,0,0.0,0.0,0.0,0.0,0,0,0,0.0,1.0,1.0,0,0,0,1.0,0,0,0.0,0,0,0,0,0,0.0,0.0,0,0,1.0,0.0,0.0,0.0,0,1.0,0,0,0,0,0,0,0,0,0,0,0,0,0,0,0,0,0,0,0,0,0,0,0,0,0,0,0,0,0,0,0,0,0,0,0,0,0,0,0,0,0,0,0.0,0,0,0,1,1,0.14547413690993866,0.19716203844674282,0.7783283537314114,0.29583638929116374,0.19517260910274595,0.2324979690615339,0.7854752972273342,0.4056390622295664,514,112,2,14,4,0.18509913634843406,0.25151984718479425,0.5948659584103664,0.505507017474783,0.20578586915657984,0.2001157603791366,0.4854752972273343,0.37754130948964837,15,13,1,3,8
bun-types-1.1.2,0.0,0.0,0.0,0.0,0.0,0.0,0.0,0.0,0.0,0.0,0.0,0.0,0.0,0.0,0.0,0.0,0.0,85,38,1,0,2,0,0,0,0,0,0.0,0,0.0,0,0,0,0,0,0.0,0.0,0.0,0.0,0,0,0,0.0,0.0,1.0,0,0,0,1.0,0,0,0.0,0,0,0,0,0,0.0,0.0,0,0,0.0,0.0,0.0,0.0,0,0.0,0,0,0,0,0,0,0,0,0,0,0,0,0,0,0,0,0,0,0,0,0,0,0,0,0,0,0,0,0,0,0,0,0,0,0,0,0,0,0,0,0,0,0.0,0,0,0,1,0,0.0,0.0,0.0,0.0,0.0,0.0,0.0,0.0,0,0,0,0,0,0.0630016826854678,0.12030649192624035,0.38210225325431013,-0.0,0.21361226889465754,0.22691314897516252,0.75,0.4315602842833155,20,22,7,2,0
ckeditor-ckeditor5-comments-41.2.1,14832.0,1070.0,0.0005384168362116338,0.002298095863427446,0.0007179688755493521,0.001020542978214102,0.003791031533672244,0.010427159271336623,0.0017004570956937063,0.005096280452356869,0.005692611067626021,0.021511617980980998,0.006584939814784044,0.011801489705572342,29.0,3.0,20.0,82,53,0,0,3,0,0,0,0,0,0.0,0,9.0,0,0,0,0,0,0.0,0.0,0.0,0.0,0,0,0,0.0,98.0,3.0,0,0,0,3.0,0,0,0.0,0,0,0,0,0,0.0,5.0,0,0,0.0,0.0,0.0,0.0,0,0.0,0,0,0,0,0,0,0,0,0,0,0,0,0,0,0,0,0,0,0,0,0,0,0,0,0,0,0,0,0,0,0,0,0,0,0,0,0,0,0,0,0,0,0.0,0,0,0,1,0,0.28783056238601507,0.3068529176613695,0.7244078178625923,0.612197222702993,0.21530000921224343,0.23415204639863021,1.0,0.36096404744368116,17285,4983,13306,646,4,0.042213940230237966,0.09439807295107083,0.25659258936863766,-0.0,0.16446247504400646,0.2076674837959397,0.5783898247235197,0.3573744370981058,15,30,5,5,1
ckeditor-ckeditor5-document-outline-41.2.1,4658.0,347.0,0.0002769196294220624,0.0022770398481973433,0.0006085043710189813,0.0,0.00786612712998236,0.010178117048346057,0.002639981355302003,0.00980392156862745,0.002638799702693225,0.01871042026482441,0.004823946899591704,0.004608294930875576,11.0,0.0,7.0,64,36,0,0,3,0,0,0,0,0,0.0,0,2.0,0,0,0,0,0,0.0,0.0,0.0,0.0,0,0,0,0.0,57.0,3.0,0,0,0,3.0,0,0,0.0,0,0,0,0,0,0.0,0.0,0,0,0.0,0.0,0.0,0.0,0,0.0,0,0,0,0,0,0,0,0,0,0,0,0,0,0,0,0,0,0,0,0,0,0,0,0,0,0,0,0,0,0,0,0,0,0,0,0,0,0,0,0,0,0,0.0,0,0,0,1,0,0.25971137133400146,0.30565233282491633,0.7244078178625923,0.612197222702993,0.19734328497666467,0.2370061316379728,1.0,0.36096404744368116,6138,1633,4101,253,3,0.06531237215182313,0.12661351823873088,0.4157717745885329,-0.0,0.2543332918348903,0.21143427432286394,0.5783898247235197,0.4518863853537084,14,13,9,5,2
ckeditor-ckeditor5-export-pdf-41.2.1,1572.0,167.0,0.00014629918947254116,0.002638522427440633,0.00054573462831571,0.0,0.012801852078492597,0.015444015444015444,0.0033409201063720967,0.01444043321299639,0.0015859640595246517,0.015090172984909826,0.00367330086214829,0.0,5.0,4.0,7.0,86,50,1,0,3,0,0,0,0,0,0.0,0,0.0,0,0,0,0,0,0.0,0.0,0.0,0.0,0,0,0,0.0,53.0,3.0,0,0,0,3.0,0,0,0.0,0,0,0,0,0,0.0,1.0,0,0,0.0,0.0,0.0,0.0,0,0.0,0,0,0,0,0,0,0,0,0,0,0,0,0,0,0,0,0,0,0,0,0,0,0,0,0,0,0,0,0,0,0,0,0,0,0,0,0,0,0,0,0,0,0.0,0,0,0,1,0,0.1515393882570599,0.24883075947405228,0.7244078178625923,0.2717822215997982,0.16448721365579685,0.23529101714127923,0.9926140680171256,0.32501121082417705,1054,770,270,57,3,0.01677527782585486,0.06276734219229493,0.25162916738782287,-0.0,0.13925120880835654,0.19910646527762746,0.5783898247235197,0.3273289635180823,14,39,7,5,0
ckeditor-ckeditor5-export-word-41.2.1,1659.0,165.0,0.00013693743427534478,0.002635046113306983,0.0005121760883900075,0.0,0.012273186641970966,0.014925373134328358,0.003046058539914424,0.01379326745859047,0.0017088060781081256,0.015816174276335422,0.0041688192630631275,0.0,54.0,0.0,7.0,86,50,1,0,3,0,0,0,0,0,0.0,0,0.0,0,0,0,0,0,0.0,0.0,0.0,0.0,0,0,0,0.0,51.0,3.0,0,0,0,3.0,0,0,0.0,0,0,0,0,0,0.0,1.0,0,0,0.0,0.0,0.0,0.0,0,0.0,0,0,0,0,0,0,0,0,0,0,0,0,0,0,0,0,0,0,0,0,0,0,0,0,0,0,0,0,0,0,0,0,0,0,0,0,0,0,0,0,0,0,0.0,0,0,0,1,0,0.17434849002314318,0.2629848647023689,0.7244078178625923,0.32501121082417705,0.1961023334948064,0.23445062057125446,1.0,0.4056390622295664,1168,703,398,59,3,0.01677527782585486,0.06276734219229493,0.25162916738782287,-0.0,0.19982732942410372,0.2087144637590961,0.5783898247235197,0.4056390622295664,14,30,7,5,0
ckeditor-ckeditor5-format-painter-41.2.1,3134.0,232.0,0.00024574602051954584,0.002443991853360489,0.0006438622237780619,0.0,0.007818681573697956,0.010282776349614395,0.0021389581104760895,0.009184881410391917,0.0015195505634485417,0.013663264689896733,0.003267991311098253,0.0,6.0,0.0,13.0,59,33,0,0,3,0,0,0,0,0,0.0,0,1.0,0,0,0,0,0,0.0,0.0,0.0,0.0,0,0,0,0.0,52.0,3.0,0,0,0,3.0,0,0,0.0,0,0,0,0,0,0.0,2.0,0,0,0.0,0.0,0.0,0.0,0,0.0,0,0,0,0,0,0,0,0,0,0,0,0,0,0,0,0,0,0,0,0,0,0,0,0,0,0,0,0,0,0,0,0,0,0,0,0,0,0,0,0,0,0,0.0,0,0,0,1,0,0.23723243922619555,0.30481500426436486,0.7244078178625923,0.612197222702993,0.201423851825917,0.21746833138148386,1.0,0.3294853038259275,3490,1038,1935,198,3,0.03176385979727878,0.08404385394380884,0.25659258936863766,0.0,0.24674656741807624,0.21479715891445944,0.5783898247235197,0.4538742042611472,14,13,7,5,1
ckeditor-ckeditor5-import-word-41.2.1,1135.0,186.0,0.00017384011304932503,0.00245398773006135,0.0005925612606903872,0.0,0.01839172108691045,0.02185792349726776,0.005824006314150644,0.021136173767752713,0.0019317853628849143,0.02484361036639857,0.004714556847358719,0.0,6.0,0.0,5.0,86,50,1,0,3,0,0,0,0,0,0.0,0,0.0,0,0,0,0,0,0.0,0.0,0.0,0.0,0,0,0,0.0,50.0,3.0,0,0,0,3.0,0,0,0.0,0,0,0,0,0,0.0,1.0,0,0,0.0,0.0,0.0,0.0,0,0.0,0,0,0,0,0,0,0,0,0,0,0,0,0,0,0,0,0,0,0,0,0,0,0,0,0,0,0,0,0,0,0,0,0,0,0,0,0,0,0,0,0,0,0.0,0,0,0,1,0,0.1757290528232822,0.2582382711798299,0.7028195311147831,0.32501121082417705,0.26905337730616735,0.2535936517095657,0.9591479170272448,0.4056390622295664,1159,247,371,65,3,0.01677527782585486,0.06276734219229493,0.25162916738782287,-0.0,0.19982732942410372,0.2087144637590961,0.5783898247235197,0.4056390622295664,14,30,7,5,0
ckeditor-ckeditor5-pagination-41.2.1,2852.0,280.0,0.00025400920667740834,0.0025412960609911056,0.0006018026137020736,0.0,0.013922096674908213,0.017937219730941704,0.004638990381022702,0.016666666666666666,0.002664475385103817,0.019342169857633776,0.0051407525649406465,0.0007412113511224058,1.0,0.0,6.0,60,34,0,0,3,0,0,0,0,0,0.0,0,3.0,0,0,0,0,0,0.0,0.0,0.0,0.0,0,0,0,0.0,56.0,3.0,0,0,0,3.0,0,0,0.0,0,0,0,0,0,0.0,4.0,0,0,0.0,0.0,0.0,0.0,0,0.0,0,0,0,0,0,0,0,0,0,0,0,0,0,0,0,0,0,0,0,0,0,0,0,0,0,0,0,0,0,0,0,0,0,0,0,0,0,0,0,0,0,0,0.0,0,0,0,1,0,0.26252982504973904,0.3071620316046654,0.7244078178625923,0.612197222702993,0.22044182947516927,0.24743106330060316,0.9609640474436811,0.4056390622295664,5307,794,3633,87,2,0.05226060118669234,0.11595180531355077,0.38517188539812397,0.0,0.25687433250100755,0.21191571348930702,0.5783898247235197,0.4538742042611472,14,12,8,5,1
ckeditor-ckeditor5-real-time-collaboration-41.2.1,22185.0,579.0,0.0004813232935636431,0.0026761819803746653,0.0008091445615080934,0.0007592053650512464,0.003330982566014187,0.015887223092414412,0.002056806931727308,0.004260263361735089,0.0035274178695294508,0.02115129396151294,0.005457193477590548,0.003755163349605708,31.0,0.0,12.0,94,52,0,0,3,0,0,0,0,0,0.0,0,2.0,0,0,0,0,0,0.0,0.0,0.0,0.0,0,0,0,0.0,69.0,3.0,0,0,0,3.0,0,0,0.0,0,0,0,0,0,0.0,0.0,0,0,0.0,0.0,0.0,0.0,0,0.0,0,0,0,0,0,0,0,0,0,0,0,0,0,0,0,0,0,0,0,0,0,0,0,0,0,0,0,0,0,0,0,0,0,0,0,0,0,0,0,0,0,0,0.0,0,0,0,1,0,0.11457878836763155,0.20753663888922091,0.7244078178625923,0.2344977967946406,0.12714149023089222,0.20457542679450613,0.8429078545765152,0.2595324738757333,51923,8521,6004,302,7,0.07952835354155306,0.1276092794403126,0.3542983491737052,0.24445429572025762,0.16790934150437026,0.2089866300266044,0.5783898247235197,0.36096404744368116,15,34,5,5,3
ckeditor-ckeditor5-revision-history-41.2.1,13978.0,820.0,0.00047729702925000493,0.0031496062992125984,0.0007632908420743087,0.0009529759200363471,0.0038298804705482583,0.012782614230249711,0.0017957206357421378,0.004913503968799107,0.0041930663152976175,0.02419927649944664,0.0057814472078353205,0.007384287204721956,24.0,0.0,19.0,84,50,0,0,3,0,0,0,0,0,0.0,0,13.0,0,0,0,0,0,0.0,0.0,0.0,0.0,0,0,0,0.0,90.0,3.0,0,0,0,3.0,0,0,0.0,0,0,0,0,0,0.0,4.0,0,0,0.0,0.0,0.0,0.0,0,0.0,0,0,0,0,0,0,0,0,0,0,0,0,0,0,0,0,0,0,0,0,0,0,0,0,0,0,0,0,0,0,0,0,0,0,0,0,0,0,0,0,0,0,0.0,0,0,0,1,0,0.2370763118551684,0.2981924221259364,0.7863118319475819,0.612197222702993,0.19144476259482807,0.22324029590749958,0.9591479170272448,0.3481061300625729,24239,5416,12844,462,4,0.07285338323364388,0.13441368216758842,0.4157717745885329,0.0,0.1806810679851594,0.21385656352238577,0.5783898247235197,0.38898829254313383,16,27,6,5,3
ckeditor-ckeditor5-slash-command-41.2.1,8928.0,231.0,0.00017511410798574218,0.002336448598130841,0.0005244977214695246,0.0,0.0026298407361800688,0.005773047086415298,0.0009175920288285016,0.0028228778612267667,0.001350305933861147,0.01484151383441111,0.0035688081185538266,0.0,247.0,0.0,35.0,61,34,0,0,3,0,0,0,0,0,0.0,0,1.0,0,0,0,0,0,0.0,0.0,0.0,0.0,0,0,0,0.0,51.0,3.0,0,0,0,3.0,0,0,0.0,0,0,0,0,0,0.0,1.0,0,0,0.0,0.0,0.0,0.0,0,0.0,0,0,0,0,0,0,0,0,0,0,0,0,0,0,0,0,0,0,0,0,0,0,0,0,0,0,0,0,0,0,0,0,0,0,0,0,0,0,0,0,0,0,0.0,0,0,0,1,0,0.22725740341242778,0.29709546343096277,0.7244078178625923,0.612197222702993,0.1133414407231885,0.18744837572676276,1.0,0.2717822215997982,3758,6602,2020,389,5,0.054352560667352556,0.1217040162890423,0.4157717745885329,0.0,0.2480951774051211,0.21541192392955824,0.5783898247235197,0.4538742042611472,14,13,7,5,2
ckeditor-ckeditor5-template-41.2.1,3858.0,255.0,0.000276806951491329,0.0024681201151789387,0.0006754649359010949,0.0,0.0071216354683023295,0.008948545861297539,0.0018046092047773942,0.008247422680412371,0.0016656912522329099,0.013315823229392542,0.0035117430300719826,0.0,16.0,0.0,8.0,70,44,0,0,3,0,0,0,0,0,0.0,0,1.0,0,0,0,0,0,0.0,0.0,0.0,0.0,0,0,0,0.0,53.0,3.0,0,0,0,3.0,0,0,0.0,0,0,0,0,0,0.0,1.0,0,0,0.0,0.0,0.0,0.0,0,0.0,0,0,0,0,0,0,0,0,0,0,0,0,0,0,0,0,0,0,0,0,0,0,0,0,0,0,0,0,0,0,0,0,0,0,0,0,0,0,0,0,0,0,0.0,0,0,0,1,0,0.23877994842467293,0.3054273939444023,0.7244078178625923,0.6758220575766961,0.19623305567345412,0.24020106077445685,1.0,0.36096404744368116,3572,1596,2008,329,4,0.054352560667352556,0.12170401628904229,0.4157717745885329,0.0,0.2067614120157855,0.21077745203184178,0.5783898247235197,0.39389738182167733,14,19,7,5,2
ckeditor-ckeditor5-track-changes-41.2.1,32370.0,1616.0,0.0008400250219396716,0.0028439388553146107,0.0008472476322274472,0.0015123831417821788,0.003197216373487281,0.011978263906983418,0.0024634738154660214,0.005170463439374722,0.007115904783236213,0.02592395388443921,0.005573401635205855,0.0108119052140833,278.0,0.0,37.0,77,49,0,0,3,0,0,0,0,0,0.0,0,0.0,0,0,0,0,0,0.0,0.0,0.0,0.0,0,0,0,0.0,116.0,3.0,0,0,0,3.0,0,0,0.0,0,0,0,0,0,0.0,3.0,0,0,0.0,0.0,0.0,0.0,0,0.0,0,0,0,0,0,0,0,0,0,0,0,0,0,0,0,0,0,0,0,0,0,0,0,0,0,0,0,0,0,0,0,0,0,0,0,0,0,0,0,0,0,0,0.0,0,0,0,1,0,0.29868153739792197,0.305964948785669,0.7244078178625923,0.6758220575766962,0.23988966109347687,0.25893100805591535,1.0,0.5,25616,15169,21954,3698,4,0.042213940230237966,0.09439807295107083,0.25659258936863766,-0.0,0.17392356621005067,0.20827033514867438,0.5783898247235197,0.3613667859656481,15,26,4,5,1
ckeditor5-collaboration-41.2.1,2571.0,75.0,1.3067820119589223e-05,0.0007187301065774073,9.691354780053587e-05,0.0,0.01694498518735575,0.02074688796680498,0.0030539078163253513,0.01886819321029847,0.0007753998677809633,0.0072992700729927005,0.002138024447188375,0.0,80.0,0.0,13.0,83,44,0,0,3,0,0,0,0,0,0.0,0,0.0,0,0,0,0,0,0.0,0.0,0.0,0.0,0,0,0,0.0,55.0,2.0,0,0,0,3.0,0,0,0.0,0,0,0,0,0,0.0,5.0,0,0,0.0,0.0,0.0,0.0,0,0.0,0,0,0,0,0,0,0,0,0,0,0,0,0,0,0,0,0,0,0,0,0,0,0,0,0,0,0,0,0,0,0,0,0,0,0,0,0,0,0,0,0,0,0.0,0,0,0,1,0,0.05257213417175132,0.1254250642136692,0.6854752972273344,0.0,0.2618884631515361,0.2545119087503324,1.0,0.4591479170272448,5835,890,0,383,10,0.02345511237972489,0.08456861035686827,0.32837157331614847,-0.0,0.1200015968223095,0.1930556899474844,0.5783898247235197,0.25162916738782287,13,40,2,5,1
houdini-1.2.46,2211125.0,727117.0,0.0001928212550956729,0.0030959752321981426,0.0004435675452863836,0.0002709766437398001,0.006877535172834817,0.019417475728155338,0.0034136395044529998,0.00841725061047041,0.002145858917148209,0.009730538922155689,0.0021634136287949136,0.0026987263877482,1050.0,2.0,298.0,217,127,0,0,3,0,0,0,0,0,0.0,0,0.0,0,0,0,0,0,0.0,0.0,0.0,0.0,0,0,0,0.0,118.0,15.0,0,0,0,1.0,0,0,0.0,0,0,0,0,0,0.0,0.0,0,0,0.0,0.0,0.0,0.0,0,0.0,0,0,0,0,0,0,0,0,0,0,0,0,0,0,0,0,0,0,0,0,0,0,0,0,0,0,0,0,0,0,0,0,0,0,0,0,0,0,0,0,0,0,0.0,0,0,0,1,0,0.13879319620857675,0.17055943402386417,0.8322488896002308,0.2717822215997982,0.1443841247799988,0.22091076432256365,1.0,0.29583638929116374,732321,66811,20839,5878,150,0.09152733838141125,0.14378324322197572,0.4591479170272448,0.2344977967946406,0.31719234186081,0.21285968210128234,0.5,0.5,69,27,37,3,0
i18next-browser-languagedetector-7.2.1,5951.0,1588.0,0.00023956409426285287,0.00039782522211908233,0.00013578814286475079,0.000320794466913933,0.01046288141262768,0.02054794520547945,0.005306380151505686,0.012863015515183663,0.002851553539562922,0.004773902665428988,0.0016297776792852101,0.0038116782600534204,0.0,0.0,0.0,230,88,2,0,4,0,0,0,0,0,0.0,0,0.0,0,0,0,0,0,0.0,0.0,0.0,0.0,0,0,0,0.0,7.0,3.0,0,0,0,2.0,0,0,0.0,0,0,0,0,0,0.0,0.0,0,0,0.0,0.0,0.0,1.0,0,0.0,0,0,0,0,0,0,0,0,0,0,0,0,0,0,0,0,0,0,0,0,0,0,0,0,0,0,0,0,0,0,0,0,0,0,0,0,0,0,0,0,0,0,0.0,0,0,0,1,0,0.07694537864175419,0.1344525653366757,0.6258145836939114,0.18561616332043782,0.11005123272773694,0.1995726208516137,0.75,0.18561616332043782,3270,394,32,7,6,0.08260420235411045,0.14032112555369697,0.4854752972273343,0.17667966751071068,0.2146120058566289,0.22748822942419045,0.555417348192378,0.4591479170272448,53,62,33,4,0
iobroker-adapter-react-v5-4.13.0,93812.0,26499.0,0.00010483651819939771,0.0011483253588516747,0.00024895633399450815,6.472237827383442e-05,0.004594387911413265,0.01444043321299639,0.002507531819998218,0.005463655951887573,0.002886284750981211,0.009689922480620155,0.0030262736722977634,0.004804971358095201,92.0,6.0,29.0,102,51,0,0,3,0,0,0,0,0,0.0,0,4.0,0,0,0,0,0,0.0,0.0,0.0,0.0,0,0,0,0.0,72.0,14.0,0,0,0,1.0,0,0,0.0,0,0,0,0,0,0.0,122.0,0,0,2.0,0.0,0.0,0.0,0,0.0,0,0,0,0,0,0,0,0,0,0,0,0,0,0,0,0,0,0,0,0,0,0,0,0,0,0,0,0,0,0,0,0,0,0,0,0,0,0,0,0,0,0,0.0,0,0,0,1,0,0.13721607438647956,0.18845479332854478,0.8962406251802889,0.2717822215997982,0.24178483842880327,0.21935127065437757,1.0,0.4056390622295664,31162,3661,2899,1744,49,0.14408089799759471,0.13716034733400995,0.3712437847710618,0.28325475327645266,0.30736482857386516,0.21342499085088482,0.5,0.4850835416680216,18,13,21,3,0
jill64-npm-demo-layout-1.0.153,85.0,13.0,0.0,0.0,0.0,0.0,0.001256281407035176,0.005025125628140704,0.002512562814070352,0.001256281407035176,0.0,0.0,0.0,0.0,0.0,0.0,0.0,200,89,1,0,6,0,0,0,0,0,0.0,0,0.0,0,0,0,0,0,0.0,0.0,0.0,0.0,0,0,0,0.0,4.0,1.0,0,0,0,1.0,0,0,0.0,0,0,0,0,0,0.0,0.0,0,0,0.0,0.0,0.0,0.0,0,0.0,0,0,0,0,0,0,0,0,0,0,0,0,0,0,0,0,0,0,0,0,0,0,0,0,0,0,0,0,0,0,0,0,0,0,0,0,0,0,0,0,0,0,0.0,0,0,0,1,0,0.13242435839106234,0.15345727941841716,0.4056390622295664,0.2746503545189618,0.46529781691682415,0.09546701267198027,0.5610568385545543,0.5266200623079511,9,0,0,5,0,0.1162092834641418,0.18193147539839322,0.5610568385545543,0.23448640195940904,0.21224204483484688,0.2328304618797422,0.6546483341185019,0.4591479170272448,47,52,33,6,10
jsii-5.3.31,29843.0,7292.0,4.9904498641541485e-05,0.0006080875646093037,0.00013888245906366447,0.0,0.005131301356401492,0.014190317195325543,0.0029689913394569368,0.005991890436417009,0.00113458826776909,0.0033444816053511705,0.0009750401947829173,0.0017110064382391396,47.0,0.0,8.0,245,101,1,0,3,0,0,0,0,0,0.0,0,0.0,0,0,0,0,0,0.0,0.0,0.0,0.0,0,0,0,0.0,27.0,2.0,0,0,0,2.0,0,0,0.0,0,0,0,0,0,0.0,0.0,0,0,0.0,0.0,0.0,0.0,0,0.0,0,0,0,0,0,0,0,0,0,0,0,0,0,0,0,0,0,0,0,0,0,0,0,0,0,0,0,0,0,0,0,0,0,0,0,0,0,0,0,0,0,0,0.0,0,0,0,1,0,0.11924573848319137,0.1569714717960838,0.7244078178625923,0.25162916738782287,0.10978879919470633,0.17433435458005753,0.8804820237218406,0.2344977967946406,8610,1769,434,22,13,0.13118964599962218,0.15365632278437835,0.6493974703476992,0.2629800599560763,0.23915126162380948,0.23112993845733767,0.8804820237218406,0.4926140680171258,49,59,45,3,1
jsii-rosetta-5.3.31,37237.0,9827.0,0.00012252617485912132,0.0010330578512396695,0.0002593171765996305,7.16702108830337e-05,0.005598289865601537,0.020163831127914304,0.0029798936522393788,0.006718052738336714,0.0015327130498302252,0.008113590263691683,0.00160547662821639,0.0021019808994581085,31.0,0.0,2.0,229,94,1,0,3,0,0,0,0,0,0.0,0,0.0,0,0,0,0,0,0.0,0.0,0.0,0.0,0,0,0,0.0,62.0,2.0,0,0,0,2.0,0,0,0.0,0,0,0,0,0,0.0,0.0,0,0,0.0,0.0,0.0,0.0,0,0.0,0,0,0,0,0,0,0,0,0,0,0,0,0,0,0,0,0,0,0,0,0,0,0,0,0,0,0,0,0,0,0,0,0,0,0,0,0,0,0,0,0,0,0.0,0,0,0,1,0,0.12406853832577874,0.1679099300266244,0.75,0.23991601180806424,0.14749817583748873,0.20119528524147523,0.792481250360578,0.32501121082417705,11142,1500,969,30,3,0.11592604698377684,0.1365361717128387,0.37479762862974,0.2344977967946406,0.2371784802490519,0.23074923072865036,0.8804820237218406,0.4926140680171258,47,56,43,3,0
kong-ui-public-core-1.5.8,7162.0,1514.0,0.0013786147460554364,0.0016280568463182172,0.000352764401218454,0.0015033357961868267,0.0099922193204698,0.011939083539666927,0.002753281782887484,0.010965651430068363,0.0018146285646199016,0.002170742461757623,0.0005036211030817028,0.0019926855131887624,0.0,0.0,10.0,163,66,1,0,2,0,0,0,0,0,0.0,0,0.0,0,0,0,0,0,0.0,0.0,0.0,0.0,0,0,0,0.0,2.0,1.0,0,0,0,1.0,0,0,0.0,0,0,0,0,0,0.0,0.0,0,0,0.0,0.0,0.0,0.0,0,0.0,0,0,0,0,0,0,0,0,0,0,0,0,0,0,0,0,0,0,0,0,0,0,0,0,0,0,0,0,0,0,0,0,0,0,0,0,0,0,0,0,0,0,0.0,0,0,0,1,0,0.054845680284526264,0.1323713661819575,0.5,-0.0,0.12782413400479406,0.20868177824031545,0.7883106100537456,0.29583638929116374,5049,753,0,2,4,0.08329579375704532,0.12844762754926556,0.5,0.19562178181462783,0.32042582701342404,0.2336715162214075,0.8804820237218406,0.49701510573847824,35,24,9,2,0
kong-ui-public-entities-shared-3.0.2,25265.0,4513.0,0.001569447471452636,0.0018391172237326083,0.00038137062103612993,0.0017042823475926221,0.011930961363522171,0.014028821721129413,0.002966822569693033,0.012979891542325792,0.004873306787617094,0.005721698029390337,0.0011998064003142723,0.005297502408503716,52.0,0.0,14.0,204,75,1,0,2,0,0,0,0,0,0.0,0,1.0,0,0,0,0,0,0.0,0.0,0.0,0.0,0,0,0,0.0,2.0,1.0,0,0,0,1.0,0,0,0.0,0,0,0,0,0,0.0,0.0,0,0,0.0,0.0,0.0,0.0,0,0.0,0,0,0,0,0,0,0,0,0,0,0,0,0,0,0,0,0,0,0,0,0,0,0,0,0,0,0,0,0,0,0,0,0,0,0,0,0,0,0,0,0,0,0.0,0,0,0,1,0,0.06060600839550381,0.13904070187210466,0.7609640474436811,-0.0,0.19253767227659033,0.20977686419319055,1.0,0.34354094588028383,20550,1949,0,801,6,0.12308046743614628,0.15709699985389386,0.5783898247235197,0.2344977967946406,0.3133804826925946,0.23890788699637316,0.8804820237218406,0.49701510573847824,34,35,16,2,2
kong-ui-public-i18n-2.1.5,13261.0,3455.0,0.00037299775112962456,0.00044383688106946936,0.00010018165830763847,0.000408417316099547,0.011153673499345963,0.01331510643208408,0.003056727767638099,0.012234389965715022,0.007955145619281189,0.009480355779643864,0.0021569728942541387,0.008717750699462526,14.0,0.0,10.0,186,66,1,0,3,0,0,0,0,0,0.0,0,0.0,0,0,0,0,0,0.0,0.0,0.0,0.0,0,0,0,0.0,2.0,1.0,0,0,0,1.0,0,0,0.0,0,0,0,0,0,0.0,0.0,0,0,0.0,0.0,0.0,0.0,0,0.0,0,0,0,0,0,0,0,0,0,0,0,0,0,0,0,0,0,0,0,0,0,0,0,0,0,0,0,0,0,0,0,0,0,0,0,0,0,0,0,0,0,0,0.0,0,0,0,1,0,0.04470684576796901,0.11785597474982683,0.6893917467430879,-0.0,0.1508869786253185,0.21551659368885523,0.9591479170272447,0.2717822215997982,9980,827,0,19,12,0.08552402734399138,0.12703356011864397,0.5,0.19562178181462783,0.3141859582002317,0.2459345146794703,0.8804820237218406,0.49701510573847824,34,35,16,3,0
langchain-scripts-0.0.11,3612.0,1000.0,1.834189288334556e-05,0.00036683785766691124,8.20274386463606e-05,0.0,0.0023092168422007226,0.006786500366837858,0.0023646768481160275,0.004097960943014551,0.0014094476801514038,0.010416666666666666,0.0026767159942973624,0.0012418651811356607,19.0,0.0,3.0,340,134,3,0,1,0,0,0,0,0,0.0,0,0.0,0,0,0,0,0,0.0,0.0,0.0,0.0,0,0,0,0.0,20.0,1.0,0,0,0,1.0,0,0,0.0,0,0,0,0,0,0.0,0.0,0,0,0.0,0.0,0.0,0.0,0,0.0,0,0,0,0,0,0,0,0,0,0,0,0,0,0,0,0,0,0,0,0,0,0,0,0,0,0,0,0,0,0,0,0,0,0,0,0,0,0,0,0,0,0,0.0,0,0,0,1,0,0.1178342907305779,0.13730930530537297,0.721251861009772,0.25162916738782287,0.14116591748912577,0.18606723493758578,0.792481250360578,0.299214838803937,899,346,1,5,9,0.09736882318724202,0.13324956069494934,0.4315602842833155,0.2268581695934724,0.3079860079421686,0.23234275606909852,0.9311070891015554,0.4854752972273343,62,57,33,1,0
lighthouse-11.7.0,305552.0,72386.0,0.0003301947337459137,0.003524229074889868,0.0005051963847652912,0.0004960655222407771,0.0028201746573421533,0.01020408163265306,0.0017919639023817177,0.003879739347617885,0.0009846044178226424,0.023460627590290113,0.0016676430090542828,0.0012031888936038886,754.0,11.0,588.0,820,232,12,0,12,0,0,0,0,0,0.0,0,2.0,0,0,0,0,0,0.0,0.0,3.0,0.0,0,0,0,0.0,450.0,59.0,0,0,0,10.0,0,0,0.0,0,0,0,0,0,1.0,0.0,0,0,0.0,0.0,0.0,0.0,0,0.0,0,0,0,0,0,0,0,0,0,0,0,0,0,0,0,0,0,0,0,0,0,0,0,0,0,0,0,0,0,0,0,0,0,0,0,0,0,0,0,0,0,0,0.0,0,0,0,1,0,0.13202890826372043,0.1586426408187252,0.792481250360578,0.25162916738782287,0.21822518917520986,0.23683683124702704,1.0,0.3896749186460426,62381,33091,35,8106,443,0.17663827086464062,0.12877596098421887,0.5478976275004669,0.2717822215997982,0.23291854964826716,0.22067291041844012,0.9311070891015554,0.4670340276877455,66,243,116,3,2
loadingio-loading.css-3.2.1,0.0,0.0,0.0,0.0,0.0,0.0,0.0,0.0,0.0,0.0,0.0,0.0,0.0,0.0,0.0,0.0,0.0,9,1,0,0,3,0,0,0,0,0,0.0,0,146.0,0,0,0,0,0,0.0,0.0,0.0,0.0,0,0,0,0.0,0.0,1.0,0,0,0,2.0,0,0,0.0,0,0,0,0,0,0.0,0.0,0,0,0.0,0.0,0.0,0.0,0,0.0,0,0,0,0,0,0,0,0,0,0,0,0,0,0,0,0,0,0,0,0,0,0,0,0,0,0,0,0,0,0,0,0,0,0,0,0,0,0,0,0,0,0,1.0,0,0,0,1,0,0.0,0.0,0.0,0.0,0.0,0.0,0.0,0.0,0,0,0,0,0,0.008413317500510033,0.03762549969485811,0.17667966751071068,0.0,0.2595232239391001,0.20969130027995359,0.5,0.4854752972273343,20,9,9,3,0
marko-translator-default-5.32.13,12206.0,4838.0,6.022010516443866e-05,0.0017584994138335288,0.000279754757783605,0.0,0.011440287108493267,0.028985507246376812,0.004818400824629278,0.013972431077694235,0.001141541121359283,0.008152173913043478,0.0015458647953634408,0.0018185578537699338,29.0,0.0,28.0,94,48,2,0,3,0,0,0,0,0,0.0,0,0.0,0,0,0,0,0,0.0,0.0,0.0,0.0,0,0,0,0.0,78.0,1.0,0,0,0,0.0,0,0,0.0,0,0,0,0,0,0.0,0.0,0,0,0.0,0.0,0.0,0.0,0,0.0,0,0,0,0,0,0,0,0,0,0,0,0,0,0,0,0,0,0,0,0,0,0,0,0,0,0,0,0,0,0,0,0,0,0,0,0,0,0,0,0,0,0,0.0,0,0,0,1,0,0.1261588200312406,0.15525172512880628,0.5783898247235197,0.25162916738782287,0.1528715498423618,0.18476608274369094,0.7879051511933424,0.32501121082417705,4618,960,0,33,21,0.07973711611790023,0.11692569191350416,0.32501121082417705,0.19088625323864855,0.270021072721655,0.2022991577611562,0.5119761032665751,0.4591479170272448,20,15,9,3,0
microsoft-applicationinsights-common-3.1.2,76949.0,20842.0,0.00041647568986343767,0.008288639687957094,0.0011905525896249503,0.0,0.0035175780217809624,0.02990090478242137,0.006223442760572615,0.005706134094151213,0.001696446931550096,0.016824644549763033,0.0036471816702763715,0.002104524728165556,17.0,0.0,81.0,171,63,1,0,2,0,0,0,0,0,0.0,0,0.0,0,0,0,0,0,0.0,0.0,0.0,0.0,0,0,0,0.0,85.0,3.0,0,0,0,1.0,0,0,0.0,0,0,0,0,0,0.0,0.0,0,0,0.0,0.0,0.0,0.0,0,0.0,0,0,0,0,0,0,0,0,0,0,0,0,0,0,0,0,0,0,0,0,0,0,0,0,0,0,0,0,0,0,0,0,0,0,0,0,0,0,0,0,0,0,0.0,0,0,0,1,0,0.14903742768436676,0.18489962369725302,0.8322488896002308,0.29583638929116374,0.15518274574296267,0.19872095377737262,0.8152957320921062,0.29583638929116374,37499,2673,737,180,27,0.13119353152921562,0.15432867764971542,0.5434938511699525,0.2532152417917981,0.24517170140972033,0.2188657261299566,0.792481250360578,0.4854752972273343,30,39,27,2,5
microsoft-applicationinsights-core-js-3.1.2,129329.0,34574.0,0.0004263955536026146,0.00858034321372855,0.001166128755410412,0.0002687965594040396,0.00364002403198752,0.030990091285012095,0.006413554102748323,0.004418793398863739,0.0020471728368698654,0.017242724506514786,0.003588774751353318,0.003102076566548666,17.0,0.0,16.0,196,75,1,0,2,0,0,0,0,0,0.0,0,0.0,0,0,0,0,0,0.0,0.0,0.0,0.0,0,0,0,0.0,81.0,3.0,0,0,0,2.0,0,0,0.0,0,0,0,0,0,0.0,0.0,0,0,0.0,0.0,0.0,0.0,0,0.0,0,0,0,0,0,0,0,0,0,0,0,0,0,0,0,0,0,0,0,0,0,0,0,0,0,0,0,0,0,0,0,0,0,0,0,0,0,0,0,0,0,0,0.0,0,0,0,1,0,0.14878965687251308,0.18200110457941673,0.8322488896002308,0.29583638929116374,0.17535023954855947,0.2161468430243908,0.9354752972273344,0.32501121082417705,58078,3102,1047,187,0,0.12746002060721784,0.16121066917154078,0.5434938511699525,0.2532152417917981,0.21869636425599256,0.2265653299425557,0.792481250360578,0.4854752972273343,34,56,30,2,6
microsoft-applicationinsights-web-3.1.2,354531.0,97430.0,0.0013826931117200236,0.0041685965724872626,0.0013233871685626977,0.00279990244615578,0.0121349062354757,0.030149395945475103,0.01114368745702659,0.018842458340579876,0.007036599269179231,0.018629389127697144,0.00718583950905972,0.011804376974594957,127.0,0.0,154.0,200,77,1,0,2,0,0,0,0,0,0.0,0,0.0,0,0,0,0,0,0.0,0.0,0.0,0.0,0,0,0,0.0,22.0,4.0,0,0,0,1.0,0,0,0.0,0,0,0,0,0,0.0,0.0,0,0,0.0,0.0,0.0,0.0,0,0.0,0,0,0,0,0,0,0,0,0,0,0,0,0,0,0,0,0,0,0,0,0,0,0,0,0,0,0,0,0,0,0,0,0,0,0,0,0,0,0,0,0,0,0.0,0,0,0,1,0,0.15632289838208827,0.19182674847490805,0.8322488896002308,0.3096910973393819,0.15000806688082002,0.1854148443422034,0.9354752972273344,0.29583638929116374,191913,14581,10144,469,143,0.14068096679610054,0.15282160458577565,0.5434938511699525,0.2427303803729567,0.23824662673482286,0.22981629701506562,0.792481250360578,0.4854752972273343,34,47,33,2,6
oclif-plugin-plugins-5.0.2,4638.0,1161.0,3.2454473342695136e-05,0.0002777777777777778,8.485127394503349e-05,0.0,0.004803658401708029,0.006944444444444444,0.001433781643848997,0.005913387090812701,0.0017234413397684523,0.006944444444444444,0.0018874238094478222,0.00252373417721519,4.0,0.0,4.0,227,96,0,0,2,0,0,0,0,0,0.0,0,0.0,0,0,0,0,0,0.0,0.0,0.0,0.0,0,0,0,0.0,14.0,3.0,0,0,0,1.0,0,0,0.0,0,0,0,0,0,0.0,0.0,0,0,0.0,0.0,0.0,0.0,0,0.0,0,0,0,0,0,0,0,0,0,0,0,0,0,0,0,0,0,0,0,0,0,0,0,0,0,0,0,0,0,0,0,0,0,0,0,0,0,0,0,0,0,0,0.0,0,0,0,1,0,0.07054869457201833,0.12846243672581534,0.5,0.0,0.09957696713255382,0.159939091799982,0.713223177284679,0.2344977967946406,1750,567,0,0,9,0.09872189595344043,0.13413951223095086,0.3420192178195208,0.23192035244745537,0.2459901782584643,0.233507441124916,0.6493974703476992,0.4926140680171258,50,54,35,3,0
office-iss-react-native-win32-0.73.2,553203.0,171057.0,0.0008076879328394916,0.018884892086330936,0.0020045803568739967,0.0005896226415094339,0.003269253388734711,0.023176550783912748,0.0026636311409379445,0.004639392661324336,0.0006815847803803727,0.026578073089700997,0.001704863871235323,0.0007716049382716049,279.0,1.0,180.0,259,108,2,0,1,0,0,0,0,0,0.0,0,0.0,0,0,0,0,0,0.0,0.0,0.0,0.0,0,0,0,0.0,641.0,3.0,0,0,0,3.0,0,0,22.0,0,0,0,0,0,1.0,0.0,0,0,0.0,0.0,0.0,0.0,0,0.0,0,0,0,0,0,0,0,0,0,0,0,0,0,0,0,0,0,0,0,0,0,0,0,0,0,0,0,0,0,0,0,0,0,0,0,0,0,0,0,0,0,0,0.0,0,0,0,1,0,0.1762935714350422,0.15879977109639434,0.8949645376549996,0.29583638929116374,0.15836769951868793,0.21586123410438718,0.9591479170272448,0.32501121082417705,73186,17136,2432,306,110,0.16867395615241712,0.15209214600308238,0.612197222702993,0.2926168508036118,0.37707578345359505,0.21738096926185604,0.7609640474436811,0.5,37,25,62,1,3
openai-4.31.0,29585.0,7568.0,8.283668638404237e-06,0.0002959893443836022,4.034437934684942e-05,0.0,0.006818178866992174,0.024483133841131665,0.0040397921376914,0.008519961051606621,0.0008803632318384722,0.003218884120171674,0.0010621384636757142,0.0015884684734327984,23.0,14.0,17.0,212,106,1,0,1,0,0,0,0,0,0.0,0,0.0,0,0,0,0,0,0.0,0.0,0.0,0.0,0,0,0,0.0,74.0,2.0,0,0,0,4.0,0,0,0.0,0,0,0,0,0,0.0,0.0,0,0,0.0,0.0,0.0,0.0,0,0.0,0,0,0,0,0,0,0,0,0,0,0,0,0,0,0,0,0,0,0,0,0,0,0,0,0,0,0,0,0,0,0,0,0,0,0,0,0,0,0,0,0,0,0.0,0,0,0,1,0,0.14027404622033027,0.1860297422284534,0.6763620978123273,0.29583638929116374,0.14856230768129375,0.20125587169526823,0.792481250360578,0.29583638929116374,8342,1143,388,42,7,0.053517191756614034,0.1246733588995945,0.4926140680171258,-0.0,0.3327647340745663,0.2174379943230498,0.8804820237218406,0.48375733981572444,65,20,12,0,0
pulumi-aws-6.28.2,1047868.0,222799.0,6.657804417097767e-07,0.0006829934627768562,1.7603844130316947e-05,0.0,0.004960712028614003,0.02828788328597481,0.0017856466833996263,0.005978725488966871,0.002257633819267211,0.008604285596094979,0.0018873362930237974,0.003594777708264535,134.0,0.0,47.0,63,30,0,0,2,0,0,0,0,0,0.0,0,0.0,0,0,0,0,0,0.0,0.0,0.0,0.0,0,0,0,0.0,2164.0,1.0,0,0,0,1.0,0,0,0.0,0,0,0,0,0,0.0,0.0,0,0,0.0,0.0,0.0,0.0,0,0.0,0,0,0,0,0,0,0,0,0,0,0,0,0,0,0,0,0,0,0,0,0,0,0,0,0,0,0,0,0,0,0,0,0,0,0,0,0,0,0,0,0,0,0.0,0,0,0,1,0,0.10755497908370144,0.14864756591958775,0.9338169454856061,0.20690842515181687,0.23729958269460216,0.19377841806595206,0.7854752972273343,0.3820570272770137,154855,16021,819,1955,71,0.06348734095007746,0.11937563324964688,0.3420192178195208,0.0,0.2866596195501844,0.2505498099690851,0.8804820237218406,0.48904468262223005,16,10,8,2,0
react-native-windows-0.73.11,538400.0,167389.0,0.0007897394338750759,0.01683937823834197,0.0019110332057046431,0.0005596362811923048,0.003208281592975303,0.014084507042253521,0.0023771630081814658,0.004646028634034631,0.0006423062356194996,0.026578073089700997,0.0014893692576890423,0.0007730993766680345,277.0,1.0,174.0,250,145,1,0,0,0,0,0,0,0,311.0,0,0.0,0,0,0,0,0,0.0,565.0,0.0,2.0,0,0,0,0.0,612.0,12.0,0,0,0,7.0,0,0,20.0,0,0,0,0,0,0.0,0.0,0,0,1.0,4.0,0.0,0.0,0,0.0,0,0,0,0,0,0,0,0,0,0,0,0,0,0,0,0,0,0,0,0,0,0,0,0,0,0,0,0,0,0,0,0,0,0,0,0,0,0,0,0,0,0,0.0,0,0,0,1,0,0.1758875555634975,0.15779893565874129,0.8288713632524444,0.29583638929116374,0.15875521456840894,0.21612277106814476,0.9591479170272448,0.32501121082417705,71347,16742,2279,247,107,0.1622598043184362,0.13964983984088736,0.612197222702993,0.28630207500824295,0.3673287181254234,0.1850115397123572,0.75,0.5,36,18,51,0,1
react-native-windows-fs-0.73.0,509.0,183.0,0.0,0.0,0.0,0.0,0.005665326980260186,0.008426966292134831,0.0024459868497044433,0.006612087594388393,0.00119832555182501,0.002180549498473615,0.0011062205732326837,0.001797488327737515,0.0,0.0,3.0,103,50,0,0,1,0,0,0,0,0,0.0,0,0.0,0,0,0,0,0,0.0,0.0,0.0,0.0,0,0,0,0.0,3.0,1.0,0,0,0,1.0,0,0,1.0,0,0,0,0,0,0.0,0.0,0,0,0.0,0.0,0.0,0.0,0,0.0,0,0,0,0,0,0,0,0,0,0,0,0,0,0,0,0,0,0,0,0,0,0,0,0,0,0,0,0,0,0,0,0,0,0,0,0,0,0,0,0,0,0,0.0,0,0,0,1,0,0.1647576370223169,0.19585726587637473,0.6258145836939114,0.29583638929116374,0.18153020007452883,0.16884047423877585,0.6854752972273344,0.25162916738782287,80,32,14,2,0,0.10250281224829028,0.13772145019009915,0.3420192178195208,0.2457693011185773,0.21109987919516668,0.2001305179415022,0.5,0.4591479170272448,22,20,12,1,0
renovate-37.277.0,305622.0,91145.0,8.13472396079679e-05,0.004757373929590866,0.000328348336987499,0.0,0.007304383732399331,0.03399765533411489,0.00411132216182099,0.009638703771828827,0.0011010724033902763,0.011494252873563218,0.0013853780478586555,0.001667229080833648,460.0,0.0,997.0,853,360,6,0,3,0,0,0,0,0,0.0,0,0.0,0,0,0,0,0,0.0,0.0,0.0,0.0,0,0,0,0.0,1143.0,2.0,0,0,0,1.0,0,0,0.0,0,0,0,0,0,0.0,0.0,0,0,0.0,0.0,0.0,0.0,0,0.0,0,0,0,0,0,0,0,0,0,0,0,0,0,0,0,0,0,0,0,0,0,0,0,0,0,0,0,0,0,0,0,0,0,0,0,0,0,0,0,0,0,0,0.0,0,0,0,1,0,0.16439644850926766,0.192581228507054,0.7697423784657509,0.2793146867260996,0.179570316495481,0.21227430726792426,0.9272204522702917,0.36096404744368116,83833,25011,18013,1289,1150,0.19518435128216002,0.14619375280812216,0.5478976275004669,0.29583638929116374,0.32426754557273424,0.18328226142829035,0.9750318782181049,0.4591479170272448,86,94,169,3,14
rnw-scripts-eslint-config-1.2.10,343.0,127.0,0.0,0.0,0.0,0.0,0.0002168256721595837,0.0002168256721595837,0.0,0.0002168256721595837,0.006504770164787511,0.006504770164787511,0.0,0.006504770164787511,1.0,0.0,2.0,54,30,0,0,1,0,0,0,0,0,0.0,0,0.0,0,0,0,0,0,0.0,0.0,0.0,0.0,0,0,0,0.0,1.0,2.0,0,0,0,1.0,0,0,0.0,0,0,0,0,0,0.0,0.0,0,0,0.0,0.0,0.0,0.0,0,0.0,0,0,0,0,0,0,0,0,0,0,0,0,0,0,0,0,0,0,0,0,0,0,0,0,0,0,0,0,0,0,0,0,0,0,0,0,0,0,0,0,0,0,0.0,0,0,0,1,0,0.08804095346086946,0.11346446297871914,0.4854752972273343,0.16137847944869915,0.21350894088860106,0.16339855448520563,0.5,0.3096910973393819,21,29,0,0,0,0.09157733179811883,0.1304862739292432,0.3420192178195208,0.1982140804857337,0.31069871643427666,0.22668781542094626,0.705718704387226,0.4926140680171258,15,5,8,1,0
rnw-scripts-just-task-2.3.26,994.0,385.0,0.00010059384157283761,0.0003629764065335753,0.0001719118708092579,0.000170590242238144,0.005973941427965946,0.019230769230769232,0.006258579928528581,0.005659363881437927,0.0028997003611875246,0.019230769230769232,0.007206571786966287,0.0005335666487717193,6.0,0.0,0.0,84,46,0,0,1,0,0,0,0,0,0.0,0,0.0,0,0,0,0,0,0.0,0.0,0.0,0.0,0,0,0,0.0,7.0,2.0,0,0,0,1.0,0,0,0.0,0,0,0,0,0,0.0,0.0,0,0,0.0,0.0,0.0,0.0,0,0.0,0,0,0,0,0,0,0,0,0,0,0,0,0,0,0,0,0,0,0,0,0,0,0,0,0,0,0,0,0,0,0,0,0,0,0,0,0,0,0,0,0,0,0.0,0,0,0,1,0,0.09396287855517182,0.1358285203699685,0.5478976275004669,0.2427303803729567,0.17947541809176945,0.19098785687653316,0.6854752972273344,0.32501121082417705,325,74,0,2,0,0.10078223149884984,0.1382019501106277,0.44444288809206367,0.22712314512769866,0.3098437147757408,0.1956476711786738,0.5,0.4926140680171258,22,6,11,1,1
scratch-l10n-3.18.87,748352.0,200149.0,3.6416789414157264e-05,0.006228373702422145,0.00039083769581655075,0.0,0.0016612406855583493,0.0072992700729927005,0.0011355942825236594,0.001564945226917058,0.0006438625522248014,0.014598540145985401,0.0009499295773003073,0.000566352249542625,4697.0,0.0,20.0,313,95,1,0,3,0,0,0,0,0,0.0,0,0.0,0,0,0,0,0,0.0,0.0,0.0,0.0,0,0,0,0.0,276.0,4241.0,0,0,0,3.0,0,0,3.0,0,0,0,0,0,1.0,0.0,0,0,0.0,0.0,0.0,4.0,0,0.0,0,0,0,0,0,0,0,0,0,0,0,0,0,0,0,0,0,0,0,0,0,0,0,0,0,0,0,0,0,0,0,0,0,0,0,0,0,0,0,0,0,0,0.0,0,0,0,1,0,0.06050579765397169,0.12032557455065991,0.8544976193684641,-0.0,0.13993279362884464,0.19535613130871318,0.9609640474436811,0.32501121082417705,83545,240162,584,26844,96,0.1476675516626817,0.13651124386987235,0.5744174271404584,0.25162916738782287,0.21388867840817374,0.19929476495403808,0.8920795639257109,0.4056390622295664,36,80,43,3,1
swc-core-1.4.12,7342.0,2512.0,3.4936206486954816e-06,2.096172389217289e-05,8.557587944155095e-06,0.0,0.006068348864309949,0.007838014369693011,0.0013433578644213452,0.007021003084721972,0.000799142086370632,0.0019925989183034445,0.0007476585066241994,0.001071812139535926,11.0,0.0,1.0,399,192,1,0,5,0,0,0,0,0,0.0,0,0.0,0,0,0,0,0,0.0,0.0,0.0,0.0,0,0,0,0.0,6.0,2.0,0,0,0,3.0,0,0,0.0,0,0,0,0,0,0.0,0.0,0,0,0.0,0.0,0.0,0.0,0,0.0,0,0,0,0,0,0,0,0,0,0,0,0,0,0,0,0,0,0,0,0,0,0,0,0,0,0,0,0,0,0,0,0,0,0,0,0,0,0,0,0,0,0,0.0,0,0,0,1,1,0.09529986131053486,0.14476746305263002,0.75,0.2197484934607567,0.22775404485795445,0.20224244542013667,0.75,0.36096404744368116,2965,172,6,41,1,0.18884382717801282,0.19179799296110553,0.6630437626821492,0.32501121082417705,0.32418902255258647,0.22259134162800992,0.8804820237218406,0.4926140680171258,52,56,69,8,9
tanstack-react-router-1.26.1,11418.0,3435.0,0.0003335059362356098,0.008093525179856115,0.0015837317244023106,0.0,0.004746306878703811,0.009892086330935251,0.002962466327007049,0.006527825967014645,0.0011826752364163368,0.006294964028776978,0.0016513366711742661,0.002014439463898267,7.0,0.0,1.0,144,76,1,0,3,0,0,0,0,0,0.0,0,0.0,0,0,0,0,0,0.0,0.0,0.0,0.0,0,0,0,0.0,26.0,1.0,0,0,0,0.0,0,0,0.0,0,0,0,0,0,0.0,0.0,0,0,0.0,0.0,0.0,0.0,0,0.0,0,0,0,0,0,0,0,0,0,0,0,0,0,0,0,0,0,0,0,0,0,0,0,0,0,0,0,0,0,0,0,0,0,0,0,0,0,0,0,0,0,0,0.0,0,0,0,1,0,0.13102780128807842,0.16055475597569188,0.792481250360578,0.25162916738782287,0.16092533812839438,0.20958454427094642,0.7806390622295662,0.32501121082417705,3345,413,42,10,1,0.07660052874133581,0.11878627830334469,0.37479762862974,0.19093922877828257,0.24368931997172383,0.2167594070322151,0.6493974703476992,0.4591479170272448,36,25,10,3,0
temporal-polyfill-0.2.4,35076.0,7606.0,0.000598846063431252,0.002125928017406036,0.0008533892418541206,0.0010158862314782267,0.00619347129821894,0.020013619226361506,0.007444119611298711,0.008744362037974058,0.002228640245287268,0.0074075304356491555,0.0027690069195109726,0.0032580375311021337,0.0,0.0,0.0,107,55,0,0,2,0,0,0,0,0,0.0,0,0.0,0,0,0,0,0,0.0,0.0,0.0,0.0,0,0,0,0.0,7.0,1.0,0,0,0,1.0,0,0,0.0,0,0,0,0,0,0.0,0.0,0,0,0.0,0.0,0.0,0.0,0,0.0,0,0,0,0,0,0,0,0,0,0,0,0,0,0,0,0,0,0,0,0,0,0,0,0,0,0,0,0,0,0,0,0,0,0,0,0,0,0,0,0,0,0,0.0,0,0,0,1,0,0.12890019075242182,0.17233559878973284,0.6203352658383443,0.2717822215997982,0.17662224048672218,0.1881310735056211,0.7609640474436811,0.32501121082417705,21292,368,0,23,3,0.03459884471708637,0.10624107954318252,0.4591479170272448,0.0,0.27019241934456917,0.18961109469467802,0.5,0.42267546831121827,33,12,2,2,0
types-node-20.12.2,0.0,0.0,0.0,0.0,0.0,0.0,0.0,0.0,0.0,0.0,0.0,0.0,0.0,0.0,0.0,0.0,0.0,393,217,2,0,41,0,0,0,0,0,0.0,0,0.0,0,0,0,0,0,0.0,0.0,0.0,0.0,0,0,0,0.0,0.0,1.0,0,0,0,1.0,0,0,0.0,0,0,0,0,0,0.0,0.0,0,0,0.0,0.0,0.0,0.0,0,0.0,0,0,0,0,0,0,0,0,0,0,0,0,0,0,0,0,0,0,0,0,0,0,0,0,0,0,0,0,0,0,0,0,0,0,0,0,0,0,0,0,0,0,0.0,0,0,0,1,0,0.0,0.0,0.0,0.0,0.0,0.0,0.0,0.0,0,0,0,0,0,0.05949178294448541,0.08854345700344052,0.2646804326436822,0.18561616332043782,0.3060603211251027,0.16547474886376515,0.7028195311147831,0.4056390622295664,92,29,10,41,0
types-ramda-0.29.10,0.0,0.0,0.0,0.0,0.0,0.0,0.0,0.0,0.0,0.0,0.0,0.0,0.0,0.0,0.0,0.0,0.0,140,76,0,0,2,0,0,0,0,0,0.0,0,0.0,0,0,0,0,0,0.0,0.0,0.0,0.0,0,0,0,0.0,0.0,1.0,0,0,0,2.0,0,0,0.0,0,0,0,0,0,0.0,0.0,0,0,0.0,0.0,0.0,0.0,0,0.0,0,0,0,0,0,0,0,0,0,0,0,0,0,0,0,0,0,0,0,0,0,0,0,0,0,0,0,0,0,0,0,0,0,0,0,0,0,0,0,0,0,0,0.0,0,0,0,1,0,0.0,0.0,0.0,0.0,0.0,0.0,0.0,0.0,0,0,0,0,0,0.06656477964550359,0.13096938929079155,0.5,-0.0,0.21604287838204278,0.22522373378666607,0.7609640474436811,0.4591479170272448,32,33,15,2,2
usecapsule-web-sdk-1.7.0,5730.0,1330.0,0.0004173445644461645,0.0036410277628366916,0.001145731271191697,0.0,0.005847129890839804,0.02481377805190492,0.005536243377650938,0.006753908250595727,0.0008896126189723407,0.008587559899416425,0.0021190306489766637,0.0006359972360235106,4.0,0.0,1.0,67,35,2,0,1,0,0,0,0,0,0.0,0,0.0,0,0,0,0,0,0.0,0.0,0.0,0.0,0,0,0,0.0,16.0,1.0,0,0,0,0.0,0,0,0.0,0,0,0,0,0,0.0,0.0,0,0,0.0,0.0,0.0,0.0,0,0.0,0,0,0,0,0,0,0,0,0,0,0,0,0,0,0,0,0,0,0,0,0,0,0,0,0,0,0,0,0,0,0,0,0,0,0,0,0,0,0,0,0,0,0.0,0,0,0,1,0,0.0784107960779795,0.14604572832194018,0.7295739585136224,0.0,0.18814918654357585,0.23050148096000592,0.9681300137657637,0.36096404744368116,4756,132,6,10,1,0.1303998927691466,0.13362350050542318,0.38210225325431013,0.2344977967946406,0.3223123074601669,0.19771110257373958,0.5,0.4854752972273343,12,7,13,0,0
user-agents-1.1.159,96374.0,493.0,9.742767641960348e-05,0.00045558086560364467,0.00017837222274258563,0.00011320643466678983,0.004609827828167838,0.008771929824561403,0.00333609514257785,0.006538124149343514,0.0015601065944153025,0.0035698348951361,0.0014167662403784618,0.002504179266640709,45.0,23.0,0.0,113,49,0,0,0,0,0,0,0,0,0.0,0,0.0,0,0,0,0,0,1.0,0.0,0.0,0.0,0,0,0,0.0,7.0,1.0,0,0,0,4.0,0,0,1.0,0,0,0,0,0,0.0,0.0,0,0,0.0,0.0,0.0,1.0,0,0.0,0,0,0,0,0,0,0,0,0,0,0,0,0,0,0,0,0,0,0,0,0,0,0,0,0,0,0,0,0,0,0,0,0,0,0,0,0,0,0,0,0,0,0.0,0,0,0,1,0,0.07208982358935852,0.14708397968188372,0.5783898247235197,-0.0,0.49220801647404866,0.3181824196479957,0.9681300137657637,0.7501686129089766,1961,21707,0,37350,0,0.14701294662623846,0.13469475201557662,0.36096404744368116,0.2675722137734005,0.3603946500848554,0.21256608323910325,0.8920795639257109,0.5,19,10,22,0,0
vipen-0.2.4,0.0,0.0,0.0,0.0,0.0,0.0,0.0,0.0,0.0,0.0,0.0,0.0,0.0,0.0,0.0,0.0,0.0,47,24,0,0,1,0,0,0,0,0,0.0,0,0.0,0,0,0,0,0,0.0,0.0,0.0,0.0,0,0,0,0.0,0.0,1.0,0,0,0,1.0,0,0,0.0,0,0,0,0,0,1.0,0.0,0,0,0.0,0.0,1.0,0.0,0,0.0,0,0,0,0,0,0,0,0,0,0,0,0,0,0,0,0,0,0,0,0,0,0,0,0,0,0,0,0,0,0,0,0,0,0,0,0,0,0,0,0,0,0,0.0,0,0,0,1,0,0.0,0.0,0.0,0.0,0.0,0.0,0.0,0.0,0,0,0,0,0,0.08859096789383603,0.14303197389281813,0.336147408537819,0.2218772919683728,0.27503234996286796,0.19788617316683318,0.5,0.4317830955401647,13,6,4,1,0
warp-drive-mirror-core-types-0.0.0-alpha.35,644.0,158.0,0.0,0.0,0.0,0.0,0.002505622139296359,0.005390835579514825,0.002262283414929861,0.003521621938356967,0.0,0.0,0.0,0.0,0.0,0.0,0.0,169,78,0,0,1,0,0,0,0,0,0.0,0,0.0,0,0,0,0,0,0.0,0.0,0.0,0.0,0,0,0,0.0,4.0,1.0,0,0,0,2.0,0,0,0.0,0,0,0,0,0,0.0,2.0,0,0,0.0,0.0,0.0,0.0,0,0.0,0,0,0,0,0,0,0,0,0,0,0,0,0,0,0,0,0,0,0,0,0,0,0,0,0,0,0,0,0,0,0,0,0,0,0,0,0,0,0,0,0,0,0.0,0,0,0,1,0,0.279185527067857,0.08531742005789991,0.38210225325431013,0.32501121082417705,0.274784896003268,0.11596759311242992,0.473186467992721,0.3377943296858492,2,1,0,0,0,0.14365648216269167,0.14606635000093232,0.4932133643654212,0.27653293828957587,0.2980567145772202,0.2551340917057082,0.9926140680171256,0.4916377782038658,27,25,19,2,0
wppconnect-wa-version-1.4.26,6484.0,1013.0,2.65893802015475e-05,0.0003456619426201175,9.586937369948654e-05,0.0,0.00782670659204179,0.009327962688149248,0.001051065700646473,0.008203991130820399,0.005881439697228589,0.009977827050997782,0.004200607774026971,0.009887005649717515,0.0,1.0,10.0,150,60,3,0,1,0,0,0,0,0,0.0,0,0.0,0,0,0,0,0,0.0,0.0,87.0,0.0,0,0,0,0.0,13.0,2.0,0,0,0,2.0,0,0,0.0,0,0,0,0,0,0.0,0.0,0,0,0.0,0.0,0.0,0.0,0,0.0,0,0,0,0,0,0,0,0,0,0,0,0,0,0,0,0,0,0,0,0,0,0,0,0,0,0,0,0,0,0,0,0,0,0,0,0,0,0,0,0,0,0,0.0,0,0,0,1,0,0.0827647382067192,0.1644208084130961,0.5783898247235197,0.0,0.23719066282568899,0.25746856225595033,0.9591479170272447,0.3896749186460426,2092,108,58,20,2,0.10266409853630099,0.12415451554398058,0.3420192178195208,0.23063163027386274,0.29524840495439025,0.23062573184540858,0.8804820237218406,0.5,30,27,24,2,0
yamato-daiwa-style_guides-0.2.0,2224.0,1123.0,0.0,0.0,0.0,0.0,0.0022077961623850253,0.007518796992481203,0.002813447245357403,0.0049261083743842365,0.006229490609449878,0.014423076923076924,0.005012100541791736,0.007518796992481203,8.0,0.0,9.0,104,54,0,0,1,0,0,0,0,0,0.0,0,0.0,0,0,0,0,0,0.0,0.0,0.0,0.0,0,0,0,0.0,9.0,1.0,0,0,0,1.0,0,0,0.0,0,0,0,0,0,0.0,0.0,0,0,0.0,0.0,0.0,0.0,0,0.0,0,0,0,0,0,0,0,0,0,0,0,0,0,0,0,0,0,0,0,0,0,0,0,0,0,0,0,0,0,0,0,0,0,0,0,0,0,0,0,0,0,0,0.0,0,0,0,1,0,0.1714665815221717,0.18634053842807133,0.5830435300531968,0.28325475327645266,0.22855006381471077,0.1242047261694551,0.7489318630212314,0.29583638929116374,83,128,0,1,0,0.15965703984427312,0.1434806242374595,0.4056390622295664,0.2700067743607692,0.36488448223280057,0.2260484971006537,0.7244078178625923,0.49665352243933336,16,12,20,1,0
